{"1":{"NumCollisions":7251.0,"ratio":0.4670871108},"5":{"NumCollisions":6265.0,"ratio":0.3893575089},"6":{"NumCollisions":3864.0,"ratio":0.2000788333},"7":{"NumCollisions":2673.0,"ratio":0.1061884115},"9":{"NumCollisions":4121.0,"ratio":0.2203389831},"10":{"NumCollisions":6956.0,"ratio":0.4438312968},"13":{"NumCollisions":7841.0,"ratio":0.5135987387},"14":{"NumCollisions":10047.0,"ratio":0.6875049271},"17":{"NumCollisions":8418.0,"ratio":0.5590855341},"18":{"NumCollisions":11523.0,"ratio":0.8038628301},"19":{"NumCollisions":12726.0,"ratio":0.8986992511},"20":{"NumCollisions":4464.0,"ratio":0.2473787939},"22":{"NumCollisions":1326.0,"ratio":0.0},"23":{"NumCollisions":3608.0,"ratio":0.1798975168},"24":{"NumCollisions":2900.0,"ratio":0.1240835633},"25":{"NumCollisions":4587.0,"ratio":0.2570752858},"26":{"NumCollisions":2265.0,"ratio":0.0740244383},"28":{"NumCollisions":2123.0,"ratio":0.0628301143},"30":{"NumCollisions":2115.0,"ratio":0.0621994482},"32":{"NumCollisions":2773.0,"ratio":0.1140717383},"33":{"NumCollisions":3319.0,"ratio":0.1571147024},"34":{"NumCollisions":3906.0,"ratio":0.2033898305},"40":{"NumCollisions":4576.0,"ratio":0.2562081198},"41":{"NumCollisions":3681.0,"ratio":0.1856523453},"42":{"NumCollisions":2874.0,"ratio":0.1220338983},"43":{"NumCollisions":5204.0,"ratio":0.3057154119},"44":{"NumCollisions":4514.0,"ratio":0.2513204572},"45":{"NumCollisions":4987.0,"ratio":0.2886085928},"46":{"NumCollisions":3922.0,"ratio":0.2046511628},"47":{"NumCollisions":7990.0,"ratio":0.5253448955},"48":{"NumCollisions":4077.0,"ratio":0.2168703193},"49":{"NumCollisions":4990.0,"ratio":0.2888450926},"50":{"NumCollisions":3402.0,"ratio":0.1636578636},"52":{"NumCollisions":5790.0,"ratio":0.3519117067},"60":{"NumCollisions":4102.0,"ratio":0.218841151},"61":{"NumCollisions":8178.0,"ratio":0.5401655499},"62":{"NumCollisions":6663.0,"ratio":0.4207331494},"63":{"NumCollisions":6174.0,"ratio":0.3821836815},"66":{"NumCollisions":7252.0,"ratio":0.467165944},"67":{"NumCollisions":8138.0,"ratio":0.5370122192},"68":{"NumCollisions":6052.0,"ratio":0.3725660229},"69":{"NumCollisions":4197.0,"ratio":0.2263303114},"70":{"NumCollisions":7257.0,"ratio":0.4675601104},"71":{"NumCollisions":5536.0,"ratio":0.3318880568},"72":{"NumCollisions":7048.0,"ratio":0.4510839574},"73":{"NumCollisions":5016.0,"ratio":0.2908947576},"75":{"NumCollisions":11277.0,"ratio":0.7844698463},"76":{"NumCollisions":3279.0,"ratio":0.1539613717},"77":{"NumCollisions":4611.0,"ratio":0.2589672842},"78":{"NumCollisions":5106.0,"ratio":0.2979897517},"79":{"NumCollisions":5009.0,"ratio":0.2903429247},"81":{"NumCollisions":2923.0,"ratio":0.1258967284},"83":{"NumCollisions":4670.0,"ratio":0.263618447},"84":{"NumCollisions":6501.0,"ratio":0.40796216},"88":{"NumCollisions":3267.0,"ratio":0.1530153725},"90":{"NumCollisions":7032.0,"ratio":0.4498226251},"94":{"NumCollisions":4990.0,"ratio":0.2888450926},"100":{"NumCollisions":1470.0,"ratio":0.0113519905},"101":{"NumCollisions":1909.0,"ratio":0.045959795},"102":{"NumCollisions":8011.0,"ratio":0.5270003942},"103":{"NumCollisions":6602.0,"ratio":0.4159243201},"104":{"NumCollisions":8853.0,"ratio":0.5933780055},"105":{"NumCollisions":14011.0,"ratio":1.0},"106":{"NumCollisions":7319.0,"ratio":0.472447773},"107":{"NumCollisions":8116.0,"ratio":0.5352778873},"108":{"NumCollisions":10636.0,"ratio":0.7339377217},"109":{"NumCollisions":13186.0,"ratio":0.9349625542},"110":{"NumCollisions":7416.0,"ratio":0.4800945999},"111":{"NumCollisions":8364.0,"ratio":0.5548285376},"112":{"NumCollisions":6093.0,"ratio":0.3757981868},"113":{"NumCollisions":7124.0,"ratio":0.4570752858},"114":{"NumCollisions":9560.0,"ratio":0.6491131257},"115":{"NumCollisions":7988.0,"ratio":0.525187229},"120":{"NumCollisions":6924.0,"ratio":0.4413086322},"121":{"NumCollisions":4376.0,"ratio":0.2404414663},"122":{"NumCollisions":8177.0,"ratio":0.5400867166},"123":{"NumCollisions":4239.0,"ratio":0.2296413086}}